Iso3,StartDate,EndDate,Area Code,Area Code (M49),Area,Element Code,Element,ISO Currency Code,Currency,Year Code,Year,Months Code,Months,Unit,Value,Flag
#country+code,#date+start,#date+end,,,#country+name,,,,,,#date+year,,,#indicator+type,#indicator+value+num,
AND,1999-01-01,1999-12-31,6,'020,Andorra,LCU,Local currency units per USD,EUR,Euro,1999,1999,7021,Annual value,,0.938627275833333,X
AND,1999-01-01,1999-01-31,6,'020,Andorra,LCU,Local currency units per USD,EUR,Euro,1999,1999,7001,January,,0.861489687968435,X
AND,1999-02-01,1999-02-28,6,'020,Andorra,LCU,Local currency units per USD,EUR,Euro,1999,1999,7002,February,,0.892247705808086,X
AND,1999-03-01,1999-03-31,6,'020,Andorra,LCU,Local currency units per USD,EUR,Euro,1999,1999,7003,March,,0.918867954679846,X
AND,1999-04-01,1999-04-30,6,'020,Andorra,LCU,Local currency units per USD,EUR,Euro,1999,1999,7004,April,,0.934194490800315,X
AND,1999-05-01,1999-05-31,6,'020,Andorra,LCU,Local currency units per USD,EUR,Euro,1999,1999,7005,May,,0.940902370177896,X
AND,1999-06-01,1999-06-30,6,'020,Andorra,LCU,Local currency units per USD,EUR,Euro,1999,1999,7006,June,,0.963619002566773,X
AND,1999-07-01,1999-07-31,6,'020,Andorra,LCU,Local currency units per USD,EUR,Euro,1999,1999,7007,July,,0.965933289134551,X
AND,1999-08-01,1999-08-31,6,'020,Andorra,LCU,Local currency units per USD,EUR,Euro,1999,1999,7008,August,,0.943080787729702,X
AND,1999-09-01,1999-09-30,6,'020,Andorra,LCU,Local currency units per USD,EUR,Euro,1999,1999,7009,September,,0.952310868897069,X
AND,1999-10-01,1999-10-31,6,'020,Andorra,LCU,Local currency units per USD,EUR,Euro,1999,1999,7010,October,,0.934026588623585,X
AND,1999-11-01,1999-11-30,6,'020,Andorra,LCU,Local currency units per USD,EUR,Euro,1999,1999,7011,November,,0.967283823057434,X
AND,1999-12-01,1999-12-31,6,'020,Andorra,LCU,Local currency units per USD,EUR,Euro,1999,1999,7012,December,,0.989106342419659,X
AND,2000-01-01,2000-12-31,6,'020,Andorra,LCU,Local currency units per USD,EUR,Euro,2000,2000,7021,Annual value,,1.085400833333330,X
AND,2000-01-01,2000-01-31,6,'020,Andorra,LCU,Local currency units per USD,EUR,Euro,2000,2000,7001,January,,0.986489787481951,X
AND,2000-02-01,2000-02-29,6,'020,Andorra,LCU,Local currency units per USD,EUR,Euro,2000,2000,7002,February,,1.016855591979440,X
AND,2000-03-01,2000-03-31,6,'020,Andorra,LCU,Local currency units per USD,EUR,Euro,2000,2000,7003,March,,1.036974918732690,X
AND,2000-04-01,2000-04-30,6,'020,Andorra,LCU,Local currency units per USD,EUR,Euro,2000,2000,7004,April,,1.056021965256880,X
AND,2000-05-01,2000-05-31,6,'020,Andorra,LCU,Local currency units per USD,EUR,Euro,2000,2000,7005,May,,1.103791523884520,X
AND,2000-06-01,2000-06-30,6,'020,Andorra,LCU,Local currency units per USD,EUR,Euro,2000,2000,7006,June,,1.053543978277810,X
AND,2000-07-01,2000-07-31,6,'020,Andorra,LCU,Local currency units per USD,EUR,Euro,2000,2000,7007,July,,1.064217951836590,X
AND,2000-08-01,2000-08-31,6,'020,Andorra,LCU,Local currency units per USD,EUR,Euro,2000,2000,7008,August,,1.106125530820060,X
AND,2000-09-01,2000-09-30,6,'020,Andorra,LCU,Local currency units per USD,EUR,Euro,2000,2000,7009,September,,1.146638710522850,X
AND,2000-10-01,2000-10-31,6,'020,Andorra,LCU,Local currency units per USD,EUR,Euro,2000,2000,7010,October,,1.169373056581700,X
AND,2000-11-01,2000-11-30,6,'020,Andorra,LCU,Local currency units per USD,EUR,Euro,2000,2000,7011,November,,1.167697247949850,X
AND,2000-12-01,2000-12-31,6,'020,Andorra,LCU,Local currency units per USD,EUR,Euro,2000,2000,7012,December,,1.114434864214890,X
AND,2001-01-01,2001-12-31,6,'020,Andorra,LCU,Local currency units per USD,EUR,Euro,2001,2001,7021,Annual value,,1.117510000000000,X
AND,2001-01-01,2001-01-31,6,'020,Andorra,LCU,Local currency units per USD,EUR,Euro,2001,2001,7001,January,,1.065777872513610,X
AND,2001-02-01,2001-02-28,6,'020,Andorra,LCU,Local currency units per USD,EUR,Euro,2001,2001,7002,February,,1.084945834079230,X
AND,2001-03-01,2001-03-31,6,'020,Andorra,LCU,Local currency units per USD,EUR,Euro,2001,2001,7003,March,,1.099477748069700,X
AND,2001-04-01,2001-04-30,6,'020,Andorra,LCU,Local currency units per USD,EUR,Euro,2001,2001,7004,April,,1.121076233183860,X
AND,2001-05-01,2001-05-31,6,'020,Andorra,LCU,Local currency units per USD,EUR,Euro,2001,2001,7005,May,,1.143950581334930,X
AND,2001-06-01,2001-06-30,6,'020,Andorra,LCU,Local currency units per USD,EUR,Euro,2001,2001,7006,June,,1.172103926548110,X
AND,2001-07-01,2001-07-31,6,'020,Andorra,LCU,Local currency units per USD,EUR,Euro,2001,2001,7007,July,,1.161894098634290,X
AND,2001-08-01,2001-08-31,6,'020,Andorra,LCU,Local currency units per USD,EUR,Euro,2001,2001,7008,August,,1.110515617229350,X
AND,2001-09-01,2001-09-30,6,'020,Andorra,LCU,Local currency units per USD,EUR,Euro,2001,2001,7009,September,,1.097580384043380,X
AND,2001-10-01,2001-10-31,6,'020,Andorra,LCU,Local currency units per USD,EUR,Euro,2001,2001,7010,October,,1.103916985442700,X
AND,2001-11-01,2001-11-30,6,'020,Andorra,LCU,Local currency units per USD,EUR,Euro,2001,2001,7011,November,,1.125734285772750,X
AND,2001-12-01,2001-12-31,6,'020,Andorra,LCU,Local currency units per USD,EUR,Euro,2001,2001,7012,December,,1.120608614990040,X
AND,2002-01-01,2002-12-31,6,'020,Andorra,LCU,Local currency units per USD,EUR,Euro,2002,2002,7021,Annual value,,1.062551666666670,X
AND,2002-01-01,2002-01-31,6,'020,Andorra,LCU,Local currency units per USD,EUR,Euro,2002,2002,7001,January,,1.132135671021910,X
AND,2002-02-01,2002-02-28,6,'020,Andorra,LCU,Local currency units per USD,EUR,Euro,2002,2002,7002,February,,1.149379047969340,X
AND,2002-03-01,2002-03-31,6,'020,Andorra,LCU,Local currency units per USD,EUR,Euro,2002,2002,7003,March,,1.141813199360580,X
AND,2002-04-01,2002-04-30,6,'020,Andorra,LCU,Local currency units per USD,EUR,Euro,2002,2002,7004,April,,1.128868390072350,X
AND,2002-05-01,2002-05-31,6,'020,Andorra,LCU,Local currency units per USD,EUR,Euro,2002,2002,7005,May,,1.090512540894220,X
AND,2002-06-01,2002-06-30,6,'020,Andorra,LCU,Local currency units per USD,EUR,Euro,2002,2002,7006,June,,1.046638198107680,X
AND,2002-07-01,2002-07-31,6,'020,Andorra,LCU,Local currency units per USD,EUR,Euro,2002,2002,7007,July,,1.007878984408500,X
AND,2002-08-01,2002-08-31,6,'020,Andorra,LCU,Local currency units per USD,EUR,Euro,2002,2002,7008,August,,1.022746819024940,X
AND,2002-09-01,2002-09-30,6,'020,Andorra,LCU,Local currency units per USD,EUR,Euro,2002,2002,7009,September,,1.019580806634110,X
AND,2002-10-01,2002-10-31,6,'020,Andorra,LCU,Local currency units per USD,EUR,Euro,2002,2002,7010,October,,1.019255057499250,X
AND,2002-11-01,2002-11-30,6,'020,Andorra,LCU,Local currency units per USD,EUR,Euro,2002,2002,7011,November,,0.998639947500076,X
AND,2002-12-01,2002-12-31,6,'020,Andorra,LCU,Local currency units per USD,EUR,Euro,2002,2002,7012,December,,0.982072270698401,X
AND,2003-01-01,2003-12-31,6,'020,Andorra,LCU,Local currency units per USD,EUR,Euro,2003,2003,7021,Annual value,,0.886034166666667,X
AND,2003-01-01,2003-01-31,6,'020,Andorra,LCU,Local currency units per USD,EUR,Euro,2003,2003,7001,January,,0.941454375837113,X
AND,2003-02-01,2003-02-28,6,'020,Andorra,LCU,Local currency units per USD,EUR,Euro,2003,2003,7002,February,,0.928250850509842,X
AND,2003-03-01,2003-03-31,6,'020,Andorra,LCU,Local currency units per USD,EUR,Euro,2003,2003,7003,March,,0.925366952061569,X
AND,2003-04-01,2003-04-30,6,'020,Andorra,LCU,Local currency units per USD,EUR,Euro,2003,2003,7004,April,,0.921862900549430,X
AND,2003-05-01,2003-05-31,6,'020,Andorra,LCU,Local currency units per USD,EUR,Euro,2003,2003,7005,May,,0.863422937447028,X
AND,2003-06-01,2003-06-30,6,'020,Andorra,LCU,Local currency units per USD,EUR,Euro,2003,2003,7006,June,,0.857426332787540,X
AND,2003-07-01,2003-07-31,6,'020,Andorra,LCU,Local currency units per USD,EUR,Euro,2003,2003,7007,July,,0.879366244570832,X
AND,2003-08-01,2003-08-31,6,'020,Andorra,LCU,Local currency units per USD,EUR,Euro,2003,2003,7008,August,,0.897773521666241,X
AND,2003-09-01,2003-09-30,6,'020,Andorra,LCU,Local currency units per USD,EUR,Euro,2003,2003,7009,September,,0.891128411604134,X
AND,2003-10-01,2003-10-31,6,'020,Andorra,LCU,Local currency units per USD,EUR,Euro,2003,2003,7010,October,,0.855292026447136,X
AND,2003-11-01,2003-11-30,6,'020,Andorra,LCU,Local currency units per USD,EUR,Euro,2003,2003,7011,November,,0.854558428296139,X
AND,2003-12-01,2003-12-31,6,'020,Andorra,LCU,Local currency units per USD,EUR,Euro,2003,2003,7012,December,,0.813959798137973,X
AND,2004-01-01,2004-12-31,6,'020,Andorra,LCU,Local currency units per USD,EUR,Euro,2004,2004,7021,Annual value,,0.805365000000000,X
AND,2004-01-01,2004-01-31,6,'020,Andorra,LCU,Local currency units per USD,EUR,Euro,2004,2004,7001,January,,0.792820818719662,X
AND,2004-02-01,2004-02-29,6,'020,Andorra,LCU,Local currency units per USD,EUR,Euro,2004,2004,7002,February,,0.790735740069348,X
AND,2004-03-01,2004-03-31,6,'020,Andorra,LCU,Local currency units per USD,EUR,Euro,2004,2004,7003,March,,0.815550780446641,X
AND,2004-04-01,2004-04-30,6,'020,Andorra,LCU,Local currency units per USD,EUR,Euro,2004,2004,7004,April,,0.834348457289703,X
AND,2004-05-01,2004-05-31,6,'020,Andorra,LCU,Local currency units per USD,EUR,Euro,2004,2004,7005,May,,0.832830990830934,X
AND,2004-06-01,2004-06-30,6,'020,Andorra,LCU,Local currency units per USD,EUR,Euro,2004,2004,7006,June,,0.823837359526381,X
AND,2004-07-01,2004-07-31,6,'020,Andorra,LCU,Local currency units per USD,EUR,Euro,2004,2004,7007,July,,0.815270762537543,X
AND,2004-08-01,2004-08-31,6,'020,Andorra,LCU,Local currency units per USD,EUR,Euro,2004,2004,7008,August,,0.821290845220243,X
AND,2004-09-01,2004-09-30,6,'020,Andorra,LCU,Local currency units per USD,EUR,Euro,2004,2004,7009,September,,0.818476740379190,X
AND,2004-10-01,2004-10-31,6,'020,Andorra,LCU,Local currency units per USD,EUR,Euro,2004,2004,7010,October,,0.800661880487849,X
AND,2004-11-01,2004-11-30,6,'020,Andorra,LCU,Local currency units per USD,EUR,Euro,2004,2004,7011,November,,0.769742136384290,X
AND,2004-12-01,2004-12-31,6,'020,Andorra,LCU,Local currency units per USD,EUR,Euro,2004,2004,7012,December,,0.745845156060002,X
AND,2005-01-01,2005-12-31,6,'020,Andorra,LCU,Local currency units per USD,EUR,Euro,2005,2005,7021,Annual value,,0.804120000000000,X
AND,2005-01-01,2005-01-31,6,'020,Andorra,LCU,Local currency units per USD,EUR,Euro,2005,2005,7001,January,,0.762236620025028,X
AND,2005-02-01,2005-02-28,6,'020,Andorra,LCU,Local currency units per USD,EUR,Euro,2005,2005,7002,February,,0.768388497224197,X
AND,2005-03-01,2005-03-31,6,'020,Andorra,LCU,Local currency units per USD,EUR,Euro,2005,2005,7003,March,,0.757537498106137,X
AND,2005-04-01,2005-04-30,6,'020,Andorra,LCU,Local currency units per USD,EUR,Euro,2005,2005,7004,April,,0.772922678287484,X
AND,2005-05-01,2005-05-31,6,'020,Andorra,LCU,Local currency units per USD,EUR,Euro,2005,2005,7005,May,,0.787776572240874,X
AND,2005-06-01,2005-06-30,6,'020,Andorra,LCU,Local currency units per USD,EUR,Euro,2005,2005,7006,June,,0.822036558207668,X
AND,2005-07-01,2005-07-31,6,'020,Andorra,LCU,Local currency units per USD,EUR,Euro,2005,2005,7007,July,,0.830758640878896,X
AND,2005-08-01,2005-08-31,6,'020,Andorra,LCU,Local currency units per USD,EUR,Euro,2005,2005,7008,August,,0.813508485247180,X
AND,2005-09-01,2005-09-30,6,'020,Andorra,LCU,Local currency units per USD,EUR,Euro,2005,2005,7009,September,,0.815899659176467,X
AND,2005-10-01,2005-10-31,6,'020,Andorra,LCU,Local currency units per USD,EUR,Euro,2005,2005,7010,October,,0.832325954697674,X
AND,2005-11-01,2005-11-30,6,'020,Andorra,LCU,Local currency units per USD,EUR,Euro,2005,2005,7011,November,,0.848483913516368,X
AND,2005-12-01,2005-12-31,6,'020,Andorra,LCU,Local currency units per USD,EUR,Euro,2005,2005,7012,December,,0.843448015487329,X
AND,2006-01-01,2006-12-31,6,'020,Andorra,LCU,Local currency units per USD,EUR,Euro,2006,2006,7021,Annual value,,0.797140833333333,X
AND,2006-01-01,2006-01-31,6,'020,Andorra,LCU,Local currency units per USD,EUR,Euro,2006,2006,7001,January,,0.826232118646957,X
AND,2006-02-01,2006-02-28,6,'020,Andorra,LCU,Local currency units per USD,EUR,Euro,2006,2006,7002,February,,0.837636691837649,X
AND,2006-03-01,2006-03-31,6,'020,Andorra,LCU,Local currency units per USD,EUR,Euro,2006,2006,7003,March,,0.831946755407654,X
AND,2006-04-01,2006-04-30,6,'020,Andorra,LCU,Local currency units per USD,EUR,Euro,2006,2006,7004,April,,0.814918440246083,X
AND,2006-05-01,2006-05-31,6,'020,Andorra,LCU,Local currency units per USD,EUR,Euro,2006,2006,7005,May,,0.783110443489677,X
AND,2006-06-01,2006-06-30,6,'020,Andorra,LCU,Local currency units per USD,EUR,Euro,2006,2006,7006,June,,0.790516674511917,X
AND,2006-07-01,2006-07-31,6,'020,Andorra,LCU,Local currency units per USD,EUR,Euro,2006,2006,7007,July,,0.788415547554577,X
AND,2006-08-01,2006-08-31,6,'020,Andorra,LCU,Local currency units per USD,EUR,Euro,2006,2006,7008,August,,0.780560646168471,X
AND,2006-09-01,2006-09-30,6,'020,Andorra,LCU,Local currency units per USD,EUR,Euro,2006,2006,7009,September,,0.785704664840812,X
AND,2006-10-01,2006-10-31,6,'020,Andorra,LCU,Local currency units per USD,EUR,Euro,2006,2006,7010,October,,0.792955670173722,X
AND,2006-11-01,2006-11-30,6,'020,Andorra,LCU,Local currency units per USD,EUR,Euro,2006,2006,7011,November,,0.776312585791368,X
AND,2006-12-01,2006-12-31,6,'020,Andorra,LCU,Local currency units per USD,EUR,Euro,2006,2006,7012,December,,0.756842453284908,X
AND,2007-01-01,2007-12-31,6,'020,Andorra,LCU,Local currency units per USD,EUR,Euro,2007,2007,7021,Annual value,,0.730637500000000,X
AND,2007-01-01,2007-01-31,6,'020,Andorra,LCU,Local currency units per USD,EUR,Euro,2007,2007,7001,January,,0.769311466237739,X
AND,2007-02-01,2007-02-28,6,'020,Andorra,LCU,Local currency units per USD,EUR,Euro,2007,2007,7002,February,,0.764865154273302,X
AND,2007-03-01,2007-03-31,6,'020,Andorra,LCU,Local currency units per USD,EUR,Euro,2007,2007,7003,March,,0.755180711311557,X
AND,2007-04-01,2007-04-30,6,'020,Andorra,LCU,Local currency units per USD,EUR,Euro,2007,2007,7004,April,,0.739855222014968,X
AND,2007-05-01,2007-05-31,6,'020,Andorra,LCU,Local currency units per USD,EUR,Euro,2007,2007,7005,May,,0.740120235896514,X
AND,2007-06-01,2007-06-30,6,'020,Andorra,LCU,Local currency units per USD,EUR,Euro,2007,2007,7006,June,,0.745235813903995,X
AND,2007-07-01,2007-07-31,6,'020,Andorra,LCU,Local currency units per USD,EUR,Euro,2007,2007,7007,July,,0.729097278147293,X
AND,2007-08-01,2007-08-31,6,'020,Andorra,LCU,Local currency units per USD,EUR,Euro,2007,2007,7008,August,,0.734080819106504,X
AND,2007-09-01,2007-09-30,6,'020,Andorra,LCU,Local currency units per USD,EUR,Euro,2007,2007,7009,September,,0.719608245271274,X
AND,2007-10-01,2007-10-31,6,'020,Andorra,LCU,Local currency units per USD,EUR,Euro,2007,2007,7010,October,,0.702865245452746,X
AND,2007-11-01,2007-11-30,6,'020,Andorra,LCU,Local currency units per USD,EUR,Euro,2007,2007,7011,November,,0.681030212976738,X
AND,2007-12-01,2007-12-31,6,'020,Andorra,LCU,Local currency units per USD,EUR,Euro,2007,2007,7012,December,,0.686324443625654,X
AND,2008-01-01,2008-12-31,6,'020,Andorra,LCU,Local currency units per USD,EUR,Euro,2008,2008,7021,Annual value,,0.682674711239873,X
AND,2008-01-01,2008-01-31,6,'020,Andorra,LCU,Local currency units per USD,EUR,Euro,2008,2008,7001,January,,0.679444338066800,X
AND,2008-02-01,2008-02-29,6,'020,Andorra,LCU,Local currency units per USD,EUR,Euro,2008,2008,7002,February,,0.678040527450953,X
AND,2008-03-01,2008-03-31,6,'020,Andorra,LCU,Local currency units per USD,EUR,Euro,2008,2008,7003,March,,0.644059063605937,X
AND,2008-04-01,2008-04-30,6,'020,Andorra,LCU,Local currency units per USD,EUR,Euro,2008,2008,7004,April,,0.634900479349862,X
AND,2008-05-01,2008-05-31,6,'020,Andorra,LCU,Local currency units per USD,EUR,Euro,2008,2008,7005,May,,0.642797454522080,X
AND,2008-06-01,2008-06-30,6,'020,Andorra,LCU,Local currency units per USD,EUR,Euro,2008,2008,7006,June,,0.642972615490125,X
AND,2008-07-01,2008-07-31,6,'020,Andorra,LCU,Local currency units per USD,EUR,Euro,2008,2008,7007,July,,0.634127647138289,X
AND,2008-08-01,2008-08-31,6,'020,Andorra,LCU,Local currency units per USD,EUR,Euro,2008,2008,7008,August,,0.667762645357617,X
AND,2008-09-01,2008-09-30,6,'020,Andorra,LCU,Local currency units per USD,EUR,Euro,2008,2008,7009,September,,0.695918438359024,X
AND,2008-10-01,2008-10-31,6,'020,Andorra,LCU,Local currency units per USD,EUR,Euro,2008,2008,7010,October,,0.750633142737773,X
AND,2008-11-01,2008-11-30,6,'020,Andorra,LCU,Local currency units per USD,EUR,Euro,2008,2008,7011,November,,0.785413304115958,X
AND,2008-12-01,2008-12-31,6,'020,Andorra,LCU,Local currency units per USD,EUR,Euro,2008,2008,7012,December,,0.743526012788624,X
AND,2009-01-01,2009-12-31,6,'020,Andorra,LCU,Local currency units per USD,EUR,Euro,2009,2009,7021,Annual value,,0.719843359785615,X
AND,2009-01-01,2009-01-31,6,'020,Andorra,LCU,Local currency units per USD,EUR,Euro,2009,2009,7001,January,,0.755363077852735,X
AND,2009-02-01,2009-02-28,6,'020,Andorra,LCU,Local currency units per USD,EUR,Euro,2009,2009,7002,February,,0.782184955454567,X
AND,2009-03-01,2009-03-31,6,'020,Andorra,LCU,Local currency units per USD,EUR,Euro,2009,2009,7003,March,,0.766294201242800,X
AND,2009-04-01,2009-04-30,6,'020,Andorra,LCU,Local currency units per USD,EUR,Euro,2009,2009,7004,April,,0.758132870366861,X
AND,2009-05-01,2009-05-31,6,'020,Andorra,LCU,Local currency units per USD,EUR,Euro,2009,2009,7005,May,,0.732576581724412,X
AND,2009-06-01,2009-06-30,6,'020,Andorra,LCU,Local currency units per USD,EUR,Euro,2009,2009,7006,June,,0.713447182207901,X
AND,2009-07-01,2009-07-31,6,'020,Andorra,LCU,Local currency units per USD,EUR,Euro,2009,2009,7007,July,,0.709839298555318,X
AND,2009-08-01,2009-08-31,6,'020,Andorra,LCU,Local currency units per USD,EUR,Euro,2009,2009,7008,August,,0.700869077656294,X
AND,2009-09-01,2009-09-30,6,'020,Andorra,LCU,Local currency units per USD,EUR,Euro,2009,2009,7009,September,,0.686736006193127,X
AND,2009-10-01,2009-10-31,6,'020,Andorra,LCU,Local currency units per USD,EUR,Euro,2009,2009,7010,October,,0.674929439194977,X
AND,2009-11-01,2009-11-30,6,'020,Andorra,LCU,Local currency units per USD,EUR,Euro,2009,2009,7011,November,,0.670489521206634,X
AND,2009-12-01,2009-12-31,6,'020,Andorra,LCU,Local currency units per USD,EUR,Euro,2009,2009,7012,December,,0.684294507914484,X
AND,2010-01-01,2010-12-31,6,'020,Andorra,LCU,Local currency units per USD,EUR,Euro,2010,2010,7021,Annual value,,0.755044951989835,X
AND,2010-01-01,2010-01-31,6,'020,Andorra,LCU,Local currency units per USD,EUR,Euro,2010,2010,7001,January,,0.700667736352744,X
AND,2010-02-01,2010-02-28,6,'020,Andorra,LCU,Local currency units per USD,EUR,Euro,2010,2010,7002,February,,0.730689698005948,X
AND,2010-03-01,2010-03-31,6,'020,Andorra,LCU,Local currency units per USD,EUR,Euro,2010,2010,7003,March,,0.736999961547852,X
AND,2010-04-01,2010-04-30,6,'020,Andorra,LCU,Local currency units per USD,EUR,Euro,2010,2010,7004,April,,0.745951349053015,X
AND,2010-05-01,2010-05-31,6,'020,Andorra,LCU,Local currency units per USD,EUR,Euro,2010,2010,7005,May,,0.795840407470310,X
AND,2010-06-01,2010-06-30,6,'020,Andorra,LCU,Local currency units per USD,EUR,Euro,2010,2010,7006,June,,0.819101445714052,X
AND,2010-07-01,2010-07-31,6,'020,Andorra,LCU,Local currency units per USD,EUR,Euro,2010,2010,7007,July,,0.783085356303837,X
AND,2010-08-01,2010-08-31,6,'020,Andorra,LCU,Local currency units per USD,EUR,Euro,2010,2010,7008,August,,0.775543585549497,X
AND,2010-09-01,2010-09-30,6,'020,Andorra,LCU,Local currency units per USD,EUR,Euro,2010,2010,7009,September,,0.765286599831637,X
AND,2010-10-01,2010-10-31,6,'020,Andorra,LCU,Local currency units per USD,EUR,Euro,2010,2010,7010,October,,0.719537851117315,X
AND,2010-11-01,2010-11-30,6,'020,Andorra,LCU,Local currency units per USD,EUR,Euro,2010,2010,7011,November,,0.732013269404150,X
AND,2010-12-01,2010-12-31,6,'020,Andorra,LCU,Local currency units per USD,EUR,Euro,2010,2010,7012,December,,0.756422188822689,X
AND,2011-01-01,2011-12-31,6,'020,Andorra,LCU,Local currency units per USD,EUR,Euro,2011,2011,7021,Annual value,,0.719355253609154,X
AND,2011-01-01,2011-01-31,6,'020,Andorra,LCU,Local currency units per USD,EUR,Euro,2011,2011,7001,January,,0.748521669702319,X
AND,2011-02-01,2011-02-28,6,'020,Andorra,LCU,Local currency units per USD,EUR,Euro,2011,2011,7002,February,,0.732657090838489,X
AND,2011-03-01,2011-03-31,6,'020,Andorra,LCU,Local currency units per USD,EUR,Euro,2011,2011,7003,March,,0.714327864066538,X
AND,2011-04-01,2011-04-30,6,'020,Andorra,LCU,Local currency units per USD,EUR,Euro,2011,2011,7004,April,,0.692434965779145,X
AND,2011-05-01,2011-05-31,6,'020,Andorra,LCU,Local currency units per USD,EUR,Euro,2011,2011,7005,May,,0.696930338644805,X
AND,2011-06-01,2011-06-30,6,'020,Andorra,LCU,Local currency units per USD,EUR,Euro,2011,2011,7006,June,,0.695003869907916,X
AND,2011-07-01,2011-07-31,6,'020,Andorra,LCU,Local currency units per USD,EUR,Euro,2011,2011,7007,July,,0.701051577366035,X
AND,2011-08-01,2011-08-31,6,'020,Andorra,LCU,Local currency units per USD,EUR,Euro,2011,2011,7008,August,,0.697193644019005,X
AND,2011-09-01,2011-09-30,6,'020,Andorra,LCU,Local currency units per USD,EUR,Euro,2011,2011,7009,September,,0.726216412490922,X
AND,2011-10-01,2011-10-31,6,'020,Andorra,LCU,Local currency units per USD,EUR,Euro,2011,2011,7010,October,,0.729589727376656,X
AND,2011-11-01,2011-11-30,6,'020,Andorra,LCU,Local currency units per USD,EUR,Euro,2011,2011,7011,November,,0.737695573155944,X
AND,2011-12-01,2011-12-31,6,'020,Andorra,LCU,Local currency units per USD,EUR,Euro,2011,2011,7012,December,,0.758780170544854,X
AND,2012-01-01,2012-12-31,6,'020,Andorra,LCU,Local currency units per USD,EUR,Euro,2012,2012,7021,Annual value,,0.778293601412852,X
AND,2012-01-01,2012-01-31,6,'020,Andorra,LCU,Local currency units per USD,EUR,Euro,2012,2012,7001,January,,0.774901640325860,X
AND,2012-02-01,2012-02-29,6,'020,Andorra,LCU,Local currency units per USD,EUR,Euro,2012,2012,7002,February,,0.756195400891604,X
AND,2012-03-01,2012-03-31,6,'020,Andorra,LCU,Local currency units per USD,EUR,Euro,2012,2012,7003,March,,0.757518369820468,X
AND,2012-04-01,2012-04-30,6,'020,Andorra,LCU,Local currency units per USD,EUR,Euro,2012,2012,7004,April,,0.759778144781739,X
AND,2012-05-01,2012-05-31,6,'020,Andorra,LCU,Local currency units per USD,EUR,Euro,2012,2012,7005,May,,0.781927522427109,X
AND,2012-06-01,2012-06-30,6,'020,Andorra,LCU,Local currency units per USD,EUR,Euro,2012,2012,7006,June,,0.798321244468756,X
AND,2012-07-01,2012-07-31,6,'020,Andorra,LCU,Local currency units per USD,EUR,Euro,2012,2012,7007,July,,0.813771981090868,X
AND,2012-08-01,2012-08-31,6,'020,Andorra,LCU,Local currency units per USD,EUR,Euro,2012,2012,7008,August,,0.806454440583601,X
AND,2012-09-01,2012-09-30,6,'020,Andorra,LCU,Local currency units per USD,EUR,Euro,2012,2012,7009,September,,0.777865071524693,X
AND,2012-10-01,2012-10-31,6,'020,Andorra,LCU,Local currency units per USD,EUR,Euro,2012,2012,7010,October,,0.770761981997709,X
AND,2012-11-01,2012-11-30,6,'020,Andorra,LCU,Local currency units per USD,EUR,Euro,2012,2012,7011,November,,0.779561319584723,X
AND,2012-12-01,2012-12-31,6,'020,Andorra,LCU,Local currency units per USD,EUR,Euro,2012,2012,7012,December,,0.762231814753577,X
AND,2013-01-01,2013-12-31,6,'020,Andorra,LCU,Local currency units per USD,EUR,Euro,2013,2013,7021,Annual value,,0.753159181847270,X
AND,2013-01-01,2013-01-31,6,'020,Andorra,LCU,Local currency units per USD,EUR,Euro,2013,2013,7001,January,,0.752556125293779,X
AND,2013-02-01,2013-02-28,6,'020,Andorra,LCU,Local currency units per USD,EUR,Euro,2013,2013,7002,February,,0.748556222186458,X
AND,2013-03-01,2013-03-31,6,'020,Andorra,LCU,Local currency units per USD,EUR,Euro,2013,2013,7003,March,,0.771390663087414,X
AND,2013-04-01,2013-04-30,6,'020,Andorra,LCU,Local currency units per USD,EUR,Euro,2013,2013,7004,April,,0.767695378473822,X
AND,2013-05-01,2013-05-31,6,'020,Andorra,LCU,Local currency units per USD,EUR,Euro,2013,2013,7005,May,,0.770294637698947,X
AND,2013-06-01,2013-06-30,6,'020,Andorra,LCU,Local currency units per USD,EUR,Euro,2013,2013,7006,June,,0.758221969481566,X
AND,2013-07-01,2013-07-31,6,'020,Andorra,LCU,Local currency units per USD,EUR,Euro,2013,2013,7007,July,,0.764518370046812,X
AND,2013-08-01,2013-08-31,6,'020,Andorra,LCU,Local currency units per USD,EUR,Euro,2013,2013,7008,August,,0.751343025658364,X
AND,2013-09-01,2013-09-30,6,'020,Andorra,LCU,Local currency units per USD,EUR,Euro,2013,2013,7009,September,,0.749181251917534,X
AND,2013-10-01,2013-10-31,6,'020,Andorra,LCU,Local currency units per USD,EUR,Euro,2013,2013,7010,October,,0.733409012640152,X
AND,2013-11-01,2013-11-30,6,'020,Andorra,LCU,Local currency units per USD,EUR,Euro,2013,2013,7011,November,,0.741130258936783,X
AND,2013-12-01,2013-12-31,6,'020,Andorra,LCU,Local currency units per USD,EUR,Euro,2013,2013,7012,December,,0.729735252050556,X
AND,2014-01-01,2014-12-31,6,'020,Andorra,LCU,Local currency units per USD,EUR,Euro,2014,2014,7021,Annual value,,0.753730736717402,X
AND,2014-01-01,2014-01-31,6,'020,Andorra,LCU,Local currency units per USD,EUR,Euro,2014,2014,7001,January,,0.734741588043765,X
AND,2014-02-01,2014-02-28,6,'020,Andorra,LCU,Local currency units per USD,EUR,Euro,2014,2014,7002,February,,0.732144818245049,X
AND,2014-03-01,2014-03-31,6,'020,Andorra,LCU,Local currency units per USD,EUR,Euro,2014,2014,7003,March,,0.723456883692238,X
AND,2014-04-01,2014-04-30,6,'020,Andorra,LCU,Local currency units per USD,EUR,Euro,2014,2014,7004,April,,0.723981900452489,X
AND,2014-05-01,2014-05-31,6,'020,Andorra,LCU,Local currency units per USD,EUR,Euro,2014,2014,7005,May,,0.728218465539654,X
AND,2014-06-01,2014-06-30,6,'020,Andorra,LCU,Local currency units per USD,EUR,Euro,2014,2014,7006,June,,0.735706278026903,X
AND,2014-07-01,2014-07-31,6,'020,Andorra,LCU,Local currency units per USD,EUR,Euro,2014,2014,7007,July,,0.738597499686925,X
AND,2014-08-01,2014-08-31,6,'020,Andorra,LCU,Local currency units per USD,EUR,Euro,2014,2014,7008,August,,0.750970898089687,X
AND,2014-09-01,2014-09-30,6,'020,Andorra,LCU,Local currency units per USD,EUR,Euro,2014,2014,7009,September,,0.775111862734714,X
AND,2014-10-01,2014-10-31,6,'020,Andorra,LCU,Local currency units per USD,EUR,Euro,2014,2014,7010,October,,0.789095387908987,X
AND,2014-11-01,2014-11-30,6,'020,Andorra,LCU,Local currency units per USD,EUR,Euro,2014,2014,7011,November,,0.801783165760652,X
AND,2014-12-01,2014-12-31,6,'020,Andorra,LCU,Local currency units per USD,EUR,Euro,2014,2014,7012,December,,0.810942314970017,X
AND,2015-01-01,2015-12-31,6,'020,Andorra,LCU,Local currency units per USD,EUR,Euro,2015,2015,7021,Annual value,,0.901658961641278,X
AND,2015-01-01,2015-01-31,6,'020,Andorra,LCU,Local currency units per USD,EUR,Euro,2015,2015,7001,January,,0.860486461679694,X
AND,2015-02-01,2015-02-28,6,'020,Andorra,LCU,Local currency units per USD,EUR,Euro,2015,2015,7002,February,,0.881084438727185,X
AND,2015-03-01,2015-03-31,6,'020,Andorra,LCU,Local currency units per USD,EUR,Euro,2015,2015,7003,March,,0.922706549958253,X
AND,2015-04-01,2015-04-30,6,'020,Andorra,LCU,Local currency units per USD,EUR,Euro,2015,2015,7004,April,,0.927704025307766,X
AND,2015-05-01,2015-05-31,6,'020,Andorra,LCU,Local currency units per USD,EUR,Euro,2015,2015,7005,May,,0.896897184191290,X
AND,2015-06-01,2015-06-30,6,'020,Andorra,LCU,Local currency units per USD,EUR,Euro,2015,2015,7006,June,,0.891803916640677,X
AND,2015-07-01,2015-07-31,6,'020,Andorra,LCU,Local currency units per USD,EUR,Euro,2015,2015,7007,July,,0.909439587509807,X
AND,2015-08-01,2015-08-31,6,'020,Andorra,LCU,Local currency units per USD,EUR,Euro,2015,2015,7008,August,,0.897742818057425,X
AND,2015-09-01,2015-09-30,6,'020,Andorra,LCU,Local currency units per USD,EUR,Euro,2015,2015,7009,September,,0.891171728792124,X
AND,2015-10-01,2015-10-31,6,'020,Andorra,LCU,Local currency units per USD,EUR,Euro,2015,2015,7010,October,,0.890068454355664,X
AND,2015-11-01,2015-11-30,6,'020,Andorra,LCU,Local currency units per USD,EUR,Euro,2015,2015,7011,November,,0.931445603576751,X
AND,2015-12-01,2015-12-31,6,'020,Andorra,LCU,Local currency units per USD,EUR,Euro,2015,2015,7012,December,,0.919355782329967,X
AND,2016-01-01,2016-12-31,6,'020,Andorra,LCU,Local currency units per USD,EUR,Euro,2016,2016,7021,Annual value,,0.904035127950359,X
AND,2016-01-01,2016-01-31,6,'020,Andorra,LCU,Local currency units per USD,EUR,Euro,2016,2016,7001,January,,0.920839990239096,X
AND,2016-02-01,2016-02-29,6,'020,Andorra,LCU,Local currency units per USD,EUR,Euro,2016,2016,7002,February,,0.901473264878633,X
AND,2016-03-01,2016-03-31,6,'020,Andorra,LCU,Local currency units per USD,EUR,Euro,2016,2016,7003,March,,0.900927955794441,X
AND,2016-04-01,2016-04-30,6,'020,Andorra,LCU,Local currency units per USD,EUR,Euro,2016,2016,7004,April,,0.881897170789923,X
AND,2016-05-01,2016-05-31,6,'020,Andorra,LCU,Local currency units per USD,EUR,Euro,2016,2016,7005,May,,0.884088023018430,X
AND,2016-06-01,2016-06-30,6,'020,Andorra,LCU,Local currency units per USD,EUR,Euro,2016,2016,7006,June,,0.890558461114986,X
AND,2016-07-01,2016-07-31,6,'020,Andorra,LCU,Local currency units per USD,EUR,Euro,2016,2016,7007,July,,0.903462844014973,X
AND,2016-08-01,2016-08-31,6,'020,Andorra,LCU,Local currency units per USD,EUR,Euro,2016,2016,7008,August,,0.891922286423374,X
AND,2016-09-01,2016-09-30,6,'020,Andorra,LCU,Local currency units per USD,EUR,Euro,2016,2016,7009,September,,0.891894302417026,X
AND,2016-10-01,2016-10-31,6,'020,Andorra,LCU,Local currency units per USD,EUR,Euro,2016,2016,7010,October,,0.906943298768685,X
AND,2016-11-01,2016-11-30,6,'020,Andorra,LCU,Local currency units per USD,EUR,Euro,2016,2016,7011,November,,0.926015565479784,X
AND,2016-12-01,2016-12-31,6,'020,Andorra,LCU,Local currency units per USD,EUR,Euro,2016,2016,7012,December,,0.948505200970164,X
AND,2017-01-01,2017-12-31,6,'020,Andorra,LCU,Local currency units per USD,EUR,Euro,2017,2017,7021,Annual value,,0.885205508269380,X
AND,2017-01-01,2017-01-31,6,'020,Andorra,LCU,Local currency units per USD,EUR,Euro,2017,2017,7001,January,,0.942115563320880,X
AND,2017-02-01,2017-02-28,6,'020,Andorra,LCU,Local currency units per USD,EUR,Euro,2017,2017,7002,February,,0.939615603256708,X
AND,2017-03-01,2017-03-31,6,'020,Andorra,LCU,Local currency units per USD,EUR,Euro,2017,2017,7003,March,,0.935918094959056,X
AND,2017-04-01,2017-04-30,6,'020,Andorra,LCU,Local currency units per USD,EUR,Euro,2017,2017,7004,April,,0.932603829893032,X
AND,2017-05-01,2017-05-31,6,'020,Andorra,LCU,Local currency units per USD,EUR,Euro,2017,2017,7005,May,,0.904363554148768,X
AND,2017-06-01,2017-06-30,6,'020,Andorra,LCU,Local currency units per USD,EUR,Euro,2017,2017,7006,June,,0.890515203523166,X
AND,2017-07-01,2017-07-31,6,'020,Andorra,LCU,Local currency units per USD,EUR,Euro,2017,2017,7007,July,,0.868723472908227,X
AND,2017-08-01,2017-08-31,6,'020,Andorra,LCU,Local currency units per USD,EUR,Euro,2017,2017,7008,August,,0.846973909521076,X
AND,2017-09-01,2017-09-30,6,'020,Andorra,LCU,Local currency units per USD,EUR,Euro,2017,2017,7009,September,,0.839308409870297,X
AND,2017-10-01,2017-10-31,6,'020,Andorra,LCU,Local currency units per USD,EUR,Euro,2017,2017,7010,October,,0.850639332789413,X
AND,2017-11-01,2017-11-30,6,'020,Andorra,LCU,Local currency units per USD,EUR,Euro,2017,2017,7011,November,,0.851933889930141,X
AND,2017-12-01,2017-12-31,6,'020,Andorra,LCU,Local currency units per USD,EUR,Euro,2017,2017,7012,December,,0.844864999466386,X
AND,2018-01-01,2018-12-31,6,'020,Andorra,LCU,Local currency units per USD,EUR,Euro,2018,2018,7021,Annual value,,0.846772667108096,X
AND,2018-01-01,2018-01-31,6,'020,Andorra,LCU,Local currency units per USD,EUR,Euro,2018,2018,7001,January,,0.819705725644494,X
AND,2018-02-01,2018-02-28,6,'020,Andorra,LCU,Local currency units per USD,EUR,Euro,2018,2018,7002,February,,0.809860865903238,X
AND,2018-03-01,2018-03-31,6,'020,Andorra,LCU,Local currency units per USD,EUR,Euro,2018,2018,7003,March,,0.810623021693847,X
AND,2018-04-01,2018-04-30,6,'020,Andorra,LCU,Local currency units per USD,EUR,Euro,2018,2018,7004,April,,0.814577682200663,X
AND,2018-05-01,2018-05-31,6,'020,Andorra,LCU,Local currency units per USD,EUR,Euro,2018,2018,7005,May,,0.846580392428512,X
AND,2018-06-01,2018-06-30,6,'020,Andorra,LCU,Local currency units per USD,EUR,Euro,2018,2018,7006,June,,0.856290062142172,X
AND,2018-07-01,2018-07-31,6,'020,Andorra,LCU,Local currency units per USD,EUR,Euro,2018,2018,7007,July,,0.855744770232549,X
AND,2018-08-01,2018-08-31,6,'020,Andorra,LCU,Local currency units per USD,EUR,Euro,2018,2018,7008,August,,0.865879093161071,X
AND,2018-09-01,2018-09-30,6,'020,Andorra,LCU,Local currency units per USD,EUR,Euro,2018,2018,7009,September,,0.857728563218884,X
AND,2018-10-01,2018-10-31,6,'020,Andorra,LCU,Local currency units per USD,EUR,Euro,2018,2018,7010,October,,0.870773436109829,X
AND,2018-11-01,2018-11-30,6,'020,Andorra,LCU,Local currency units per USD,EUR,Euro,2018,2018,7011,November,,0.879750150957100,X
AND,2018-12-01,2018-12-31,6,'020,Andorra,LCU,Local currency units per USD,EUR,Euro,2018,2018,7012,December,,0.878409616273678,X
AND,2019-01-01,2019-12-31,6,'020,Andorra,LCU,Local currency units per USD,EUR,Euro,2019,2019,7021,Annual value,,0.893276257067393,X
AND,2019-01-01,2019-01-31,6,'020,Andorra,LCU,Local currency units per USD,EUR,Euro,2019,2019,7001,January,,0.875932170997893,X
AND,2019-02-01,2019-02-28,6,'020,Andorra,LCU,Local currency units per USD,EUR,Euro,2019,2019,7002,February,,0.880968007646802,X
AND,2019-03-01,2019-03-31,6,'020,Andorra,LCU,Local currency units per USD,EUR,Euro,2019,2019,7003,March,,0.884761872661716,X
AND,2019-04-01,2019-04-30,6,'020,Andorra,LCU,Local currency units per USD,EUR,Euro,2019,2019,7004,April,,0.889818254621494,X
AND,2019-05-01,2019-05-31,6,'020,Andorra,LCU,Local currency units per USD,EUR,Euro,2019,2019,7005,May,,0.894087238530276,X
AND,2019-06-01,2019-06-30,6,'020,Andorra,LCU,Local currency units per USD,EUR,Euro,2019,2019,7006,June,,0.885472931092496,X
AND,2019-07-01,2019-07-31,6,'020,Andorra,LCU,Local currency units per USD,EUR,Euro,2019,2019,7007,July,,0.891393402913680,X
AND,2019-08-01,2019-08-31,6,'020,Andorra,LCU,Local currency units per USD,EUR,Euro,2019,2019,7008,August,,0.898777254398924,X
AND,2019-09-01,2019-09-30,6,'020,Andorra,LCU,Local currency units per USD,EUR,Euro,2019,2019,7009,September,,0.908768316009016,X
AND,2019-10-01,2019-10-31,6,'020,Andorra,LCU,Local currency units per USD,EUR,Euro,2019,2019,7010,October,,0.904767337112401,X
AND,2019-11-01,2019-11-30,6,'020,Andorra,LCU,Local currency units per USD,EUR,Euro,2019,2019,7011,November,,0.904899383806641,X
AND,2019-12-01,2019-12-31,6,'020,Andorra,LCU,Local currency units per USD,EUR,Euro,2019,2019,7012,December,,0.899810589870832,X
AND,2020-01-01,2020-12-31,6,'020,Andorra,LCU,Local currency units per USD,EUR,Euro,2020,2020,7021,Annual value,,0.875506396987983,X
AND,2020-01-01,2020-01-31,6,'020,Andorra,LCU,Local currency units per USD,EUR,Euro,2020,2020,7001,January,,0.900871388324677,X
AND,2020-02-01,2020-02-29,6,'020,Andorra,LCU,Local currency units per USD,EUR,Euro,2020,2020,7002,February,,0.917010545621275,X
AND,2020-03-01,2020-03-31,6,'020,Andorra,LCU,Local currency units per USD,EUR,Euro,2020,2020,7003,March,,0.903880523429001,X
AND,2020-04-01,2020-04-30,6,'020,Andorra,LCU,Local currency units per USD,EUR,Euro,2020,2020,7004,April,,0.920649241845349,X
AND,2020-05-01,2020-05-31,6,'020,Andorra,LCU,Local currency units per USD,EUR,Euro,2020,2020,7005,May,,0.917275508285291,X
AND,2020-06-01,2020-06-30,6,'020,Andorra,LCU,Local currency units per USD,EUR,Euro,2020,2020,7006,June,,0.888526298359046,X
AND,2020-07-01,2020-07-31,6,'020,Andorra,LCU,Local currency units per USD,EUR,Euro,2020,2020,7007,July,,0.872342200881432,X
AND,2020-08-01,2020-08-31,6,'020,Andorra,LCU,Local currency units per USD,EUR,Euro,2020,2020,7008,August,,0.845444663633819,X
AND,2020-09-01,2020-09-30,6,'020,Andorra,LCU,Local currency units per USD,EUR,Euro,2020,2020,7009,September,,0.848003145320764,X
AND,2020-10-01,2020-10-31,6,'020,Andorra,LCU,Local currency units per USD,EUR,Euro,2020,2020,7010,October,,0.849243787009645,X
AND,2020-11-01,2020-11-30,6,'020,Andorra,LCU,Local currency units per USD,EUR,Euro,2020,2020,7011,November,,0.844744082768813,X
AND,2020-12-01,2020-12-31,6,'020,Andorra,LCU,Local currency units per USD,EUR,Euro,2020,2020,7012,December,,0.821711101316997,X
AND,2021-01-01,2021-12-31,6,'020,Andorra,LCU,Local currency units per USD,EUR,Euro,2021,2021,7021,Annual value,,0.845494138890450,X
AND,2021-01-01,2021-01-31,6,'020,Andorra,LCU,Local currency units per USD,EUR,Euro,2021,2021,7001,January,,0.821635300739061,X
AND,2021-02-01,2021-02-28,6,'020,Andorra,LCU,Local currency units per USD,EUR,Euro,2021,2021,7002,February,,0.826589738714984,X
AND,2021-03-01,2021-03-31,6,'020,Andorra,LCU,Local currency units per USD,EUR,Euro,2021,2021,7003,March,,0.840400615319389,X
AND,2021-04-01,2021-04-30,6,'020,Andorra,LCU,Local currency units per USD,EUR,Euro,2021,2021,7004,April,,0.834787254468199,X
AND,2021-05-01,2021-05-31,6,'020,Andorra,LCU,Local currency units per USD,EUR,Euro,2021,2021,7005,May,,0.823322773892027,X
AND,2021-06-01,2021-06-30,6,'020,Andorra,LCU,Local currency units per USD,EUR,Euro,2021,2021,7006,June,,0.830075914215421,X
AND,2021-07-01,2021-07-31,6,'020,Andorra,LCU,Local currency units per USD,EUR,Euro,2021,2021,7007,July,,0.845893571208872,X
AND,2021-08-01,2021-08-31,6,'020,Andorra,LCU,Local currency units per USD,EUR,Euro,2021,2021,7008,August,,0.849486446829884,X
AND,2021-09-01,2021-09-30,6,'020,Andorra,LCU,Local currency units per USD,EUR,Euro,2021,2021,7009,September,,0.849594704707926,X
AND,2021-10-01,2021-10-31,6,'020,Andorra,LCU,Local currency units per USD,EUR,Euro,2021,2021,7010,October,,0.861959274476579,X
AND,2021-11-01,2021-11-30,6,'020,Andorra,LCU,Local currency units per USD,EUR,Euro,2021,2021,7011,November,,0.876113560246780,X
AND,2021-12-01,2021-12-31,6,'020,Andorra,LCU,Local currency units per USD,EUR,Euro,2021,2021,7012,December,,0.884659617596237,X
AND,2022-01-01,2022-12-31,6,'020,Andorra,LCU,Local currency units per USD,EUR,Euro,2022,2022,7021,Annual value,,0.950915533962108,X
AND,2022-01-01,2022-01-31,6,'020,Andorra,LCU,Local currency units per USD,EUR,Euro,2022,2022,7001,January,,0.883823504654819,X
AND,2022-02-01,2022-02-28,6,'020,Andorra,LCU,Local currency units per USD,EUR,Euro,2022,2022,7002,February,,0.881686489917915,X
AND,2022-03-01,2022-03-31,6,'020,Andorra,LCU,Local currency units per USD,EUR,Euro,2022,2022,7003,March,,0.907526949604645,X
AND,2022-04-01,2022-04-30,6,'020,Andorra,LCU,Local currency units per USD,EUR,Euro,2022,2022,7004,April,,0.924322325789588,X
AND,2022-05-01,2022-05-31,6,'020,Andorra,LCU,Local currency units per USD,EUR,Euro,2022,2022,7005,May,,0.945313607789384,X
AND,2022-06-01,2022-06-30,6,'020,Andorra,LCU,Local currency units per USD,EUR,Euro,2022,2022,7006,June,,0.946448237885479,X
AND,2022-07-01,2022-07-31,6,'020,Andorra,LCU,Local currency units per USD,EUR,Euro,2022,2022,7007,July,,0.982423967402214,X
AND,2022-08-01,2022-08-31,6,'020,Andorra,LCU,Local currency units per USD,EUR,Euro,2022,2022,7008,August,,0.987319384942920,X
AND,2022-09-01,2022-09-30,6,'020,Andorra,LCU,Local currency units per USD,EUR,Euro,2022,2022,7009,September,,1.009716223844880,X
AND,2022-10-01,2022-10-31,6,'020,Andorra,LCU,Local currency units per USD,EUR,Euro,2022,2022,7010,October,,1.017742646809340,X
AND,2022-11-01,2022-11-30,6,'020,Andorra,LCU,Local currency units per USD,EUR,Euro,2022,2022,7011,November,,0.980269841552721,X
AND,2022-12-01,2022-12-31,6,'020,Andorra,LCU,Local currency units per USD,EUR,Euro,2022,2022,7012,December,,0.944393227351384,X
AND,2023-01-01,2023-12-31,6,'020,Andorra,LCU,Local currency units per USD,EUR,Euro,2023,2023,7021,Annual value,,0.924839558470698,X
AND,2023-01-01,2023-01-31,6,'020,Andorra,LCU,Local currency units per USD,EUR,Euro,2023,2023,7001,January,,0.928591326957006,X
AND,2023-02-01,2023-02-28,6,'020,Andorra,LCU,Local currency units per USD,EUR,Euro,2023,2023,7002,February,,0.933262405390524,X
AND,2023-03-01,2023-03-31,6,'020,Andorra,LCU,Local currency units per USD,EUR,Euro,2023,2023,7003,March,,0.934070843181647,X
AND,2023-04-01,2023-04-30,6,'020,Andorra,LCU,Local currency units per USD,EUR,Euro,2023,2023,7004,April,,0.911766344678089,X
AND,2023-05-01,2023-05-31,6,'020,Andorra,LCU,Local currency units per USD,EUR,Euro,2023,2023,7005,May,,0.920174833218312,X
AND,2023-06-01,2023-06-30,6,'020,Andorra,LCU,Local currency units per USD,EUR,Euro,2023,2023,7006,June,,0.922520830100985,X
AND,2023-07-01,2023-07-31,6,'020,Andorra,LCU,Local currency units per USD,EUR,Euro,2023,2023,7007,July,,0.904310979627154,X
AND,2023-08-01,2023-08-31,6,'020,Andorra,LCU,Local currency units per USD,EUR,Euro,2023,2023,7008,August,,0.916685266077895,X
AND,2023-09-01,2023-09-30,6,'020,Andorra,LCU,Local currency units per USD,EUR,Euro,2023,2023,7009,September,,0.935995721162376,X
AND,2023-10-01,2023-10-31,6,'020,Andorra,LCU,Local currency units per USD,EUR,Euro,2023,2023,7010,October,,0.946741487933390,X
AND,2023-11-01,2023-11-30,6,'020,Andorra,LCU,Local currency units per USD,EUR,Euro,2023,2023,7011,November,,0.925221106816800,X
AND,2023-12-01,2023-12-31,6,'020,Andorra,LCU,Local currency units per USD,EUR,Euro,2023,2023,7012,December,,0.917174330704096,X
AND,2024-01-01,2024-01-31,6,'020,Andorra,LCU,Local currency units per USD,EUR,Euro,2024,2024,7001,January,,0.916999078832774,X
AND,2024-02-01,2024-02-29,6,'020,Andorra,LCU,Local currency units per USD,EUR,Euro,2024,2024,7002,February,,0.926379312626575,X
AND,2024-03-01,2024-03-31,6,'020,Andorra,LCU,Local currency units per USD,EUR,Euro,2024,2024,7003,March,,0.919777046044039,X
AND,2024-04-01,2024-04-30,6,'020,Andorra,LCU,Local currency units per USD,EUR,Euro,2024,2024,7004,April,,0.932160882090518,X
AND,2024-05-01,2024-05-31,6,'020,Andorra,LCU,Local currency units per USD,EUR,Euro,2024,2024,7005,May,,0.924878819854649,X
AND,2024-06-01,2024-06-30,6,'020,Andorra,LCU,Local currency units per USD,EUR,Euro,2024,2024,7006,June,,0.929454410261177,X
AND,2024-07-01,2024-07-31,6,'020,Andorra,LCU,Local currency units per USD,EUR,Euro,2024,2024,7007,July,,0.922161546665362,X
AND,2024-08-01,2024-08-31,6,'020,Andorra,LCU,Local currency units per USD,EUR,Euro,2024,2024,7008,August,,0.908085260950668,X
AND,1970-01-01,1970-12-31,6,'020,Andorra,SLC,Standard local currency units per USD,EUR,Euro,1970,1970,7021,Annual value,,0.420708473489356,X
AND,1971-01-01,1971-12-31,6,'020,Andorra,SLC,Standard local currency units per USD,EUR,Euro,1971,1971,7021,Annual value,,0.417515095664098,X
AND,1972-01-01,1972-12-31,6,'020,Andorra,SLC,Standard local currency units per USD,EUR,Euro,1972,1972,7021,Annual value,,0.386278993821095,X
AND,1973-01-01,1973-12-31,6,'020,Andorra,SLC,Standard local currency units per USD,EUR,Euro,1973,1973,7021,Annual value,,0.350150152851402,X
AND,1974-01-01,1974-12-31,6,'020,Andorra,SLC,Standard local currency units per USD,EUR,Euro,1974,1974,7021,Annual value,,0.346702847589340,X
AND,1975-01-01,1975-12-31,6,'020,Andorra,SLC,Standard local currency units per USD,EUR,Euro,1975,1975,7021,Annual value,,0.345022517914167,X
AND,1976-01-01,1976-12-31,6,'020,Andorra,SLC,Standard local currency units per USD,EUR,Euro,1976,1976,7021,Annual value,,0.402094627348956,X
AND,1977-01-01,1977-12-31,6,'020,Andorra,SLC,Standard local currency units per USD,EUR,Euro,1977,1977,7021,Annual value,,0.456539813039659,X
AND,1978-01-01,1978-12-31,6,'020,Andorra,SLC,Standard local currency units per USD,EUR,Euro,1978,1978,7021,Annual value,,0.460782958499113,X
AND,1979-01-01,1979-12-31,6,'020,Andorra,SLC,Standard local currency units per USD,EUR,Euro,1979,1979,7021,Annual value,,0.403429375065110,X
AND,1980-01-01,1980-12-31,6,'020,Andorra,SLC,Standard local currency units per USD,EUR,Euro,1980,1980,7021,Annual value,,0.430937198237332,X
AND,1981-01-01,1981-12-31,6,'020,Andorra,SLC,Standard local currency units per USD,EUR,Euro,1981,1981,7021,Annual value,,0.554865393317346,X
AND,1982-01-01,1982-12-31,6,'020,Andorra,SLC,Standard local currency units per USD,EUR,Euro,1982,1982,7021,Annual value,,0.660266889436812,X
AND,1983-01-01,1983-12-31,6,'020,Andorra,SLC,Standard local currency units per USD,EUR,Euro,1983,1983,7021,Annual value,,0.862031160472235,X
AND,1984-01-01,1984-12-31,6,'020,Andorra,SLC,Standard local currency units per USD,EUR,Euro,1984,1984,7021,Annual value,,0.966193069126409,X
AND,1985-01-01,1985-12-31,6,'020,Andorra,SLC,Standard local currency units per USD,EUR,Euro,1985,1985,7021,Annual value,,1.021985523620780,X
AND,1986-01-01,1986-12-31,6,'020,Andorra,SLC,Standard local currency units per USD,EUR,Euro,1986,1986,7021,Annual value,,0.841707688400272,X
AND,1987-01-01,1987-12-31,6,'020,Andorra,SLC,Standard local currency units per USD,EUR,Euro,1987,1987,7021,Annual value,,0.742119729624688,X
AND,1988-01-01,1988-12-31,6,'020,Andorra,SLC,Standard local currency units per USD,EUR,Euro,1988,1988,7021,Annual value,,0.700099968346696,X
AND,1989-01-01,1989-12-31,6,'020,Andorra,SLC,Standard local currency units per USD,EUR,Euro,1989,1989,7021,Annual value,,0.711464105553753,X
AND,1990-01-01,1990-12-31,6,'020,Andorra,SLC,Standard local currency units per USD,EUR,Euro,1990,1990,7021,Annual value,,0.612635177639144,X
AND,1991-01-01,1991-12-31,6,'020,Andorra,SLC,Standard local currency units per USD,EUR,Euro,1991,1991,7021,Annual value,,0.624521193690174,X
AND,1992-01-01,1992-12-31,6,'020,Andorra,SLC,Standard local currency units per USD,EUR,Euro,1992,1992,7021,Annual value,,0.615310683190493,X
AND,1993-01-01,1993-12-31,6,'020,Andorra,SLC,Standard local currency units per USD,EUR,Euro,1993,1993,7021,Annual value,,0.764850508255903,X
AND,1994-01-01,1994-12-31,6,'020,Andorra,SLC,Standard local currency units per USD,EUR,Euro,1994,1994,7021,Annual value,,0.805103524334980,X
AND,1995-01-01,1995-12-31,6,'020,Andorra,SLC,Standard local currency units per USD,EUR,Euro,1995,1995,7021,Annual value,,0.749395982835094,X
AND,1996-01-01,1996-12-31,6,'020,Andorra,SLC,Standard local currency units per USD,EUR,Euro,1996,1996,7021,Annual value,,0.761251447437485,X
AND,1997-01-01,1997-12-31,6,'020,Andorra,SLC,Standard local currency units per USD,EUR,Euro,1997,1997,7021,Annual value,,0.879963628750816,X
AND,1998-01-01,1998-12-31,6,'020,Andorra,SLC,Standard local currency units per USD,EUR,Euro,1998,1998,7021,Annual value,,0.897884026700964,X
AND,1999-01-01,1999-12-31,6,'020,Andorra,SLC,Standard local currency units per USD,EUR,Euro,1999,1999,7021,Annual value,,0.938627275833333,X
AND,2000-01-01,2000-12-31,6,'020,Andorra,SLC,Standard local currency units per USD,EUR,Euro,2000,2000,7021,Annual value,,1.085400833333330,X
AND,2001-01-01,2001-12-31,6,'020,Andorra,SLC,Standard local currency units per USD,EUR,Euro,2001,2001,7021,Annual value,,1.117510000000000,X
AND,2002-01-01,2002-12-31,6,'020,Andorra,SLC,Standard local currency units per USD,EUR,Euro,2002,2002,7021,Annual value,,1.062551666666670,X
AND,2003-01-01,2003-12-31,6,'020,Andorra,SLC,Standard local currency units per USD,EUR,Euro,2003,2003,7021,Annual value,,0.886034166666667,X
AND,2004-01-01,2004-12-31,6,'020,Andorra,SLC,Standard local currency units per USD,EUR,Euro,2004,2004,7021,Annual value,,0.805365000000000,X
AND,2005-01-01,2005-12-31,6,'020,Andorra,SLC,Standard local currency units per USD,EUR,Euro,2005,2005,7021,Annual value,,0.804120000000000,X
AND,2006-01-01,2006-12-31,6,'020,Andorra,SLC,Standard local currency units per USD,EUR,Euro,2006,2006,7021,Annual value,,0.797140833333333,X
AND,2007-01-01,2007-12-31,6,'020,Andorra,SLC,Standard local currency units per USD,EUR,Euro,2007,2007,7021,Annual value,,0.730637500000000,X
AND,2008-01-01,2008-12-31,6,'020,Andorra,SLC,Standard local currency units per USD,EUR,Euro,2008,2008,7021,Annual value,,0.682674711239873,X
AND,2009-01-01,2009-12-31,6,'020,Andorra,SLC,Standard local currency units per USD,EUR,Euro,2009,2009,7021,Annual value,,0.719843359785615,X
AND,2010-01-01,2010-12-31,6,'020,Andorra,SLC,Standard local currency units per USD,EUR,Euro,2010,2010,7021,Annual value,,0.755044951989835,X
AND,2011-01-01,2011-12-31,6,'020,Andorra,SLC,Standard local currency units per USD,EUR,Euro,2011,2011,7021,Annual value,,0.719355253609154,X
AND,2012-01-01,2012-12-31,6,'020,Andorra,SLC,Standard local currency units per USD,EUR,Euro,2012,2012,7021,Annual value,,0.778293601412852,X
AND,2013-01-01,2013-12-31,6,'020,Andorra,SLC,Standard local currency units per USD,EUR,Euro,2013,2013,7021,Annual value,,0.753159181847270,X
AND,2014-01-01,2014-12-31,6,'020,Andorra,SLC,Standard local currency units per USD,EUR,Euro,2014,2014,7021,Annual value,,0.753730736717402,X
AND,2015-01-01,2015-12-31,6,'020,Andorra,SLC,Standard local currency units per USD,EUR,Euro,2015,2015,7021,Annual value,,0.901658961641278,X
AND,2016-01-01,2016-12-31,6,'020,Andorra,SLC,Standard local currency units per USD,EUR,Euro,2016,2016,7021,Annual value,,0.904035127950359,X
AND,2017-01-01,2017-12-31,6,'020,Andorra,SLC,Standard local currency units per USD,EUR,Euro,2017,2017,7021,Annual value,,0.885205508269380,X
AND,2018-01-01,2018-12-31,6,'020,Andorra,SLC,Standard local currency units per USD,EUR,Euro,2018,2018,7021,Annual value,,0.846772667108096,X
AND,2019-01-01,2019-12-31,6,'020,Andorra,SLC,Standard local currency units per USD,EUR,Euro,2019,2019,7021,Annual value,,0.893276257067393,X
AND,2020-01-01,2020-12-31,6,'020,Andorra,SLC,Standard local currency units per USD,EUR,Euro,2020,2020,7021,Annual value,,0.875506396987983,X
AND,2021-01-01,2021-12-31,6,'020,Andorra,SLC,Standard local currency units per USD,EUR,Euro,2021,2021,7021,Annual value,,0.845494138890450,X
AND,2022-01-01,2022-12-31,6,'020,Andorra,SLC,Standard local currency units per USD,EUR,Euro,2022,2022,7021,Annual value,,0.950915533962108,X
AND,2023-01-01,2023-12-31,6,'020,Andorra,SLC,Standard local currency units per USD,EUR,Euro,2023,2023,7021,Annual value,,0.924839558470698,X
